time,network speed test ping (s),jitter (s),upload (bit/s),download (bit/s),charmhub resource download mean (s),min (s),max (s),
2024-12-16T16:25:17+0000,98.27,2.52,305.57,534.43,156.254,67.35,304.78,
2024-12-16T16:36:55+0000,47.45,2.96,299.2,193.59,284.97,76.04,444.68,
2024-12-16T16:39:59+0000,209.91,13,261.29,369.77,96.39999999999999,36.74,292.83,
2024-12-16T16:54:01+0000,28.91,1.72,132.94,175.36,64.748,28.1,93.34,
2024-12-16T16:58:52+0000,63.45,11.57,5961.1,159,29.618,24.67,46.29,
2024-12-16T17:06:23+0000,26.45,1.5,709.91,242.55,29.322,25.91,36.22,
2024-12-16T17:11:08+0000,25,1.16,489.84,319.46,29.916,26.31,34.5,
2024-12-16T17:16:15+0000,25.82,1.18,439.19,515.17,28.203999999999997,24.99,32.87,
2024-12-16T17:28:12+0000,33.18,5.37,181.41,46.67,102.454,41.21,247.78,
2024-12-16T17:30:23+0000,40.09,1.63,306.71,515.06,79.598,48.94,124.97,
2024-12-16T18:33:44+0000,25,1.42,660.71,694.42,27.396,22.49,33.95,
2024-12-16T20:32:35+0000,35.73,2.31,1205.27,716.82,37.397999999999996,29.08,57.33,
2024-12-16T22:31:33+0000,88.64,0.62,658.71,777.48,30.718,25.49,48.14,
2024-12-17T00:40:35+0000,23.82,0.55,1091.31,1126.67,30.578,24.05,45.57,
2024-12-17T02:56:28+0000,246.45,22.98,146.4,283.44,93.722,42.46,227.76,
2024-12-17T03:26:31+0000,25.73,1.65,412.02,192.15,32.536,31.29,33.13,
2024-12-17T04:05:03+0000,28,1.91,518.63,233.58,54.446,33.47,85.16,
2024-12-17T05:24:37+0000,88.18,0.37,804.27,832.58,34.532,28.16,40.19,
2024-12-17T05:52:15+0000,28.36,1.65,1587.16,1116.46,38.45,24.26,47.36,
2024-12-17T06:01:32+0000,101.18,2.93,246.89,654.94,35.3,29.58,40.25,
2024-12-17T06:08:11+0000,88,0.58,672.31,731.73,41.948,31.76,57.19,
2024-12-17T06:10:54+0000,24,1.46,6348.51,137.61,30.714,23.77,34.93,
2024-12-17T06:16:31+0000,29.82,2.11,6765.45,807.82,25.692,22.55,30.03,
2024-12-17T08:09:35+0000,98.55,2.93,370.72,731.56,46.42,46.42,46.42,
2024-12-17T08:19:16+0000,24.18,0,694.93,332.8,32.71,23.69,43.93,
2024-12-17T08:59:26+0000,91.82,1.89,531.69,520.93,170.37,43.75,312.08,
2024-12-17T09:10:15+0000,70,5.45,74.95,332.7,69.584,33.92,106.81,
2024-12-17T09:38:43+0000,24.36,0.55,727.23,201.67,34.872,25.95,48.79,
2024-12-17T10:09:04+0000,55.09,5.38,488.34,100.88,56.878,27.67,108.01,
2024-12-17T10:41:52+0000,93,80.76,7617.62,228.28,42.594,31.07,61.42,
2024-12-17T11:08:31+0000,102.18,4.46,212.28,464.66,53.278,30.67,82.4,
2024-12-17T11:35:45+0000,22.82,0.71,5781.04,189.98,29.446,25.64,35.37,
2024-12-17T12:09:06+0000,24.27,0.77,597.36,374.61,42.082,23.92,91.74,
2024-12-17T12:48:48+0000,46.18,12.59,4728.23,316.5,40.5,25.27,62.92,
2024-12-17T13:13:51+0000,28.09,1.81,940.19,787.02,30.5,26.7,34.66,
2024-12-17T13:41:42+0000,44.73,4.43,853.6,279.08,35.467999999999996,24.55,42.15,
2024-12-17T14:29:18+0000,57.45,9.41,207.86,37.44,303.868,129.15,733.6,
2024-12-17T15:07:42+0000,23.09,1.82,6571.3,404.95,41.664,26.61,53.52,
2024-12-17T15:38:48+0000,20.91,0.99,6029.13,257.68,32.454,23.8,40.58,
2024-12-17T16:08:42+0000,108.27,4.75,544.54,291.64,47.79,28.92,103.89,
2024-12-17T16:42:07+0000,23.91,1.01,7494.77,531.1,30.054,23.99,39.39,
2024-12-17T17:06:55+0000,28,1.67,732.01,1076.66,31.32,22.61,39.98,
2024-12-17T17:38:14+0000,24.64,0.33,976.24,987.52,29.7,23.33,35.3,
2024-12-17T18:10:28+0000,93.73,3.85,733.13,489.72,65.564,32.47,98.44,
2024-12-17T18:42:40+0000,59.18,10.09,448.33,470.53,36.124,24.04,56.47,
2024-12-17T19:06:10+0000,24.73,1.79,526.85,303.15,30.252000000000002,24.67,33.84,
2024-12-17T19:36:49+0000,96.36,14.31,4930.5,560.81,42.048,30.03,85.26,
2024-12-17T20:06:58+0000,88.36,0.39,363.66,682.81,33.086,25.46,45.44,
2024-12-17T20:39:38+0000,96.09,2.57,739.33,530.82,54.352,30.2,91.96,
2024-12-17T21:07:43+0000,42.91,5.07,629.05,612.09,44.894,31.13,59.17,
2024-12-17T21:35:41+0000,49.45,10.71,5515.41,888.56,29.766,24.98,38.62,
2024-12-17T22:08:55+0000,89.45,3.66,663.92,812.39,33.268,27.52,39.8,
2024-12-17T22:40:13+0000,24.55,1.18,1145.26,1016.96,50.59,25.94,126.84,
2024-12-17T23:06:09+0000,54.27,16.93,6644.9,261.03,27.209999999999997,24.13,29.97,
2024-12-18T00:02:08+0000,94.09,3.34,734.42,782.73,342.726,26.24,1192.74,
2024-12-18T00:15:45+0000,24.18,0.1,365.22,126.33,41.76,24.32,85.78,
2024-12-18T00:52:53+0000,105.82,3.82,845.23,632.49,54.088,32.22,80.87,
2024-12-18T02:34:42+0000,54.64,8.26,851.21,841.28,66.79,26.48,198.31,
2024-12-18T02:55:58+0000,93.18,1.7,476.18,756.27,39.676,32.56,46.31,
2024-12-18T03:16:23+0000,100.64,4.51,672.58,630.88,40.66,34.03,49.99,
2024-12-18T03:43:10+0000,25.09,1.66,1081.61,669.19,32.168,25.71,40.86,
2024-12-18T04:06:54+0000,24.18,0.41,766.94,450.59,28.87,24.05,38.98,
2024-12-18T04:39:59+0000,88.82,0.95,763.72,787.89,35.518,33.21,40.11,
2024-12-18T05:06:38+0000,25.09,0.96,751.94,444.22,29.758,26.28,34.22,
2024-12-18T05:37:50+0000,24.36,0.29,697.09,635.74,25.628,24.29,28.0,
2024-12-18T06:07:15+0000,25.18,0.89,6494.87,293.58,28.548,24.08,37.82,
2024-12-18T06:42:28+0000,102.91,1.7,950.04,731.47,37.136,33.97,45.22,
2024-12-18T07:27:58+0000,90.09,0.57,825.01,657.2,283.802,32.82,1218.51,
2024-12-18T07:36:06+0000,51.09,10.58,5687.55,679.1,30.79,24.13,37.25,
2024-12-18T08:08:41+0000,24.73,0.34,967.5,1089.95,47.635999999999996,25.89,85.42,
2024-12-18T08:41:22+0000,24.18,0.41,797.92,1062.97,38.946,23.88,62.69,
2024-12-18T09:07:29+0000,146.64,9.57,581.19,289.43,37.016,29.96,54.58,
2024-12-18T09:37:38+0000,25.73,0.79,967.24,841.75,32.164,23.32,46.0,
2024-12-18T10:26:59+0000,100.45,2.28,189,373.78,270.918,30.58,1165.38,
2024-12-18T10:39:48+0000,24.18,0.26,701.99,1083.02,26.84,22.11,31.05,
2024-12-18T11:07:23+0000,30.55,1.35,511.81,87.28,41.272,25.89,70.73,
2024-12-18T11:35:37+0000,24.91,1.58,668.12,215.28,27.708,23.34,36.15,
2024-12-18T12:08:16+0000,79,13.19,841.98,0.67,31.178,24.14,44.0,
2024-12-18T12:48:17+0000,24.91,1.52,1100.72,364.27,37.358,24.9,58.17,
2024-12-18T13:12:10+0000,27.09,1.52,99.24,300.25,33.374,26.67,38.98,
2024-12-18T13:39:53+0000,91.64,1.33,565.21,524.8,29.83,27.08,34.29,
2024-12-18T14:07:20+0000,92.82,1.15,462.49,642.76,39.17,28.2,51.23,
2024-12-18T14:40:01+0000,102.18,4.51,577.42,728.15,37.248,33.47,44.94,
2024-12-18T15:24:57+0000,118.91,12.12,411.95,377.95,247.79,33.39,987.42,
2024-12-18T16:20:48+0000,215.45,39.34,158.51,11.66,188.57,35.94,512.49,
2024-12-18T16:40:59+0000,30,1.38,543,211.77,29.2,23.59,38.08,
2024-12-18T17:07:04+0000,24.45,0.33,378.87,221.81,37.408,25.11,57.64,
2024-12-18T19:34:15+0000,292.45,9.75,93.84,251.69,354.19,39.45,1475.3,
2024-12-18T19:38:56+0000,151.91,9.86,203.32,411.9,60.75,34.89,89.19,
2024-12-18T20:07:18+0000,58.27,24.22,6982.85,246.34,32.1,23.68,49.43,
2024-12-18T20:37:55+0000,46.64,9.92,6059.61,293.33,30.092000000000002,25.16,33.78,
2024-12-18T21:06:06+0000,29.73,2.79,5882.87,325.39,26.934,23.57,34.08,
2024-12-18T22:06:44+0000,98.18,2.68,692.35,726.11,32.544,30.69,36.41,
2024-12-18T22:38:34+0000,24.18,0.4,774.47,930.16,26.714,23.5,28.4,
2024-12-18T23:06:55+0000,29.64,1.88,6203.19,246.12,36.28,23.04,54.95,
2024-12-19T00:14:45+0000,35.55,12.29,6405.49,755.94,29.848,23.12,41.7,
2024-12-19T00:50:24+0000,66.64,21.6,6919.13,677.6,26.926,22.37,31.95,
2024-12-19T03:43:09+0000,26.73,0.79,641.29,191.9,30.356,23.75,38.07,
2024-12-19T04:06:44+0000,24.73,0.55,705.12,1020.72,27.624,23.86,31.43,
2024-12-19T04:40:02+0000,92.18,3.65,458.62,735.88,33.986,29.37,43.47,
2024-12-19T05:06:29+0000,23.82,0.21,739.82,500.9,28.722,23.71,34.03,
2024-12-19T05:38:18+0000,24,0,698.56,573.55,28.146,22.45,35.93,
2024-12-19T06:07:50+0000,116.55,1.99,941.54,723.37,32.722,29.17,36.73,
2024-12-19T06:42:19+0000,22.82,1.62,5113.47,264.67,34.914,24.91,44.77,
2024-12-19T07:07:03+0000,91.64,1.55,616.1,793.43,33.394,26.65,42.84,
2024-12-19T07:36:53+0000,88.73,0.51,338.51,721.76,38.064,29.82,55.0,
2024-12-19T08:07:38+0000,98.18,3.89,822.95,600.76,31.646,30.23,33.76,
2024-12-19T09:08:18+0000,90.36,1.59,361.11,720.42,362.74399999999997,35.81,1218.57,
2024-12-19T09:37:38+0000,23.64,0.76,7465.37,891.34,28.150000000000002,23.53,35.92,
2024-12-19T10:07:25+0000,24.09,1.02,288.94,460.94,37.664,30.57,43.12,
2024-12-19T10:40:09+0000,24.09,0.56,921.24,620.87,26.814,23.47,31.85,
2024-12-19T11:06:41+0000,42.55,4.05,265.79,501.96,33.494,26.01,42.47,
2024-12-19T11:39:37+0000,23.91,0.64,6883.58,325.37,78.656,29.07,242.59,
2024-12-19T12:08:18+0000,46.36,11.47,6585.42,164.21,31.262,24.47,40.9,
2024-12-19T13:08:53+0000,88,0.46,778.47,743.81,276.724,27.14,1223.52,
2024-12-19T13:15:27+0000,102.64,6.24,622.49,469.17,67.49000000000001,32.73,144.61,
2024-12-19T13:40:28+0000,70.82,10.67,5454.85,184.7,37.056,26.77,48.94,
2024-12-19T14:08:38+0000,32.64,6.99,219.64,89.35,55.888,25.2,114.78,
2024-12-19T14:39:19+0000,24.55,1.48,7507.34,545.8,33.068,24.53,46.07,
2024-12-19T15:08:33+0000,91.73,3.43,908.71,656.06,41.824,29.06,77.14,
2024-12-19T15:59:13+0000,680.45,440.4,244.4,167.86,270.132,138.43,599.8,
2024-12-19T16:06:47+0000,24.45,0.42,398.9,643.46,33.602,26.09,43.49,
2024-12-19T16:42:59+0000,96.27,3.7,815.08,719.85,65.858,29.71,94.31,
2024-12-19T17:14:18+0000,46.18,3.93,396.45,115.49,124.828,51.18,238.88,
2024-12-19T17:38:34+0000,98.09,2.89,838.64,713.65,51.066,29.01,83.95,
2024-12-19T18:07:16+0000,296.55,40.3,232.31,177.58,29.788,23.2,39.37,
2024-12-19T18:44:01+0000,99,4.19,330.93,463.07,67.884,32.1,103.27,
2024-12-19T19:08:30+0000,98.91,3.43,636.18,673.25,54.894,33.37,79.36,
2024-12-19T19:35:39+0000,24.09,0.61,777.54,559.39,29.068,22.57,32.76,
2024-12-19T20:10:48+0000,103.09,3.1,544.02,676.09,79.30799999999999,28.15,175.97,
2024-12-19T20:37:07+0000,99.73,5.49,630.9,581.19,32.216,24.68,40.76,
2024-12-19T21:13:34+0000,97,1.89,812.3,558.13,114.428,74.36,233.65,
2024-12-19T21:35:33+0000,33,4.22,519.65,79.7,27.512,23.9,39.15,
2024-12-19T22:06:03+0000,26.73,1.41,693.46,287.75,28.366,23.88,30.77,
2024-12-19T22:41:12+0000,111.45,10.73,259.59,515.39,67.928,42.37,90.2,
2024-12-19T23:06:12+0000,24.45,0.03,825.11,275.14,29.31,23.81,40.55,
2024-12-19T23:35:50+0000,22.73,0.36,8651.03,400.44,32.542,28.65,37.84,
2024-12-20T00:14:19+0000,54.64,17.61,5400.01,431.78,29.626,25.26,40.22,
2024-12-20T00:50:40+0000,26.55,1.49,696.57,418.63,30.748,23.71,43.2,
2024-12-20T03:04:44+0000,115.09,10.52,312.85,374.1,203.48,39.37,313.8,
2024-12-20T03:10:19+0000,37.82,2.7,570.3,578.13,26.132,22.86,29.87,
2024-12-20T03:40:05+0000,88.55,0.89,878.63,698.42,33.106,26.34,42.27,
2024-12-20T04:11:22+0000,89.09,1.33,62.66,404.6,80.592,30.68,252.64,
2024-12-20T05:07:27+0000,101.18,3.2,784.34,612.72,38.938,32.25,52.0,
2024-12-20T05:37:44+0000,78.27,50.87,4941.86,1144.99,30.362000000000002,22.87,40.45,
2024-12-20T06:26:36+0000,88.45,0.17,565.62,786.56,259.076,33.52,1034.21,
2024-12-20T06:41:12+0000,24.82,0.66,911.26,99.85,34.924,22.3,64.34,
2024-12-20T07:06:42+0000,94.55,1.98,493.93,695.32,32.196,27.74,36.25,
2024-12-20T07:36:24+0000,24.64,1.1,1034.16,500.09,38.122,23.57,69.82,
2024-12-20T08:07:21+0000,39.45,0.8,5487.44,550.49,32.886,24.71,37.87,
2024-12-20T08:39:34+0000,39.55,4.83,843.51,697.66,30.152,23.6,38.56,
2024-12-20T09:09:22+0000,89.18,0.71,685.24,713.35,60.388,27.55,87.69,
2024-12-20T09:36:13+0000,24.18,0.02,1231.52,327.65,29.31,25.47,34.76,
2024-12-20T10:07:45+0000,24.55,0.67,647.66,422.34,39.254000000000005,23.09,69.43,
2024-12-20T10:39:59+0000,90.36,1.58,295.2,708.85,39.513999999999996,36.15,47.22,
2024-12-20T11:06:20+0000,66,34.19,5542.61,565.02,30.284,23.76,47.0,
2024-12-20T11:35:22+0000,24.18,0.38,455.03,370.02,25.95,23.08,34.72,
2024-12-20T12:07:45+0000,33.27,3.18,1172.12,217.14,27.084,24.67,32.75,
2024-12-20T12:47:43+0000,27,0.79,548.7,284.23,32.730000000000004,27.51,40.39,
2024-12-20T13:10:15+0000,54.91,44.14,5775.84,415.13,31.102,24.22,47.79,
2024-12-20T14:11:36+0000,96.91,5.36,918.45,759.75,437.924,78.85,1235.04,
2024-12-20T14:24:44+0000,54,7.1,153.7,55.94,248.994,27.17,685.39,
2024-12-20T14:37:30+0000,31.73,1.66,5915.08,169.76,28.406,24.1,35.65,
2024-12-20T15:06:18+0000,88.64,0.94,558.01,742.24,29.224,26.07,32.34,
2024-12-20T15:37:00+0000,35.36,2.9,375.84,39.68,35.942,23.33,41.52,
2024-12-20T16:07:24+0000,44.73,6.65,5790.97,607.17,37.002,28.33,49.38,
2024-12-20T16:39:06+0000,26.91,1.18,968.88,895.18,23.476,21.02,25.78,
2024-12-20T17:05:52+0000,37.55,3.01,7925.87,532.27,26.87,24.67,32.73,
2024-12-20T17:36:21+0000,21.45,0.65,4531.5,536.76,28.044,23.61,32.06,
2024-12-20T18:07:36+0000,38.09,2.52,163.38,190.89,35.836,23.03,79.24,
2024-12-20T18:42:58+0000,90.82,2.47,579.66,494.11,60.768,30.48,82.29,
2024-12-20T19:06:21+0000,22.73,0.71,5554.55,119.57,33.7,29.79,38.93,
2024-12-20T19:36:10+0000,23.64,0.98,132.82,274.75,34.202,29.8,40.88,
2024-12-20T20:06:53+0000,30.55,4.96,4926.25,661.03,33.886,23.53,51.54,
2024-12-20T20:36:19+0000,25.45,0.61,1089.98,244.62,29.248,23.31,45.96,
2024-12-20T21:05:58+0000,57.18,19.65,7165.59,455.99,27.992,23.59,43.07,
2024-12-20T21:35:43+0000,100.36,58.06,5457.82,333.05,30.072,22.29,45.97,
2024-12-20T22:05:52+0000,23.45,1.14,6005.48,369.42,27.27,22.38,34.16,
2024-12-20T22:39:05+0000,24.55,0.18,835.13,440.6,49.482,26.29,109.24,
2024-12-20T23:07:13+0000,23,0.26,6315.36,281.84,38.296,26.06,72.37,
2024-12-20T23:35:35+0000,54.18,32.45,8066.81,602.59,28.122,23.22,33.14,
2024-12-21T00:13:47+0000,32.91,19.43,8643.52,168.79,27.07,22.99,36.29,
2024-12-21T00:50:07+0000,29.73,1.65,798.8,659.46,25.684,22.61,30.1,
2024-12-21T02:51:36+0000,215.27,32.63,392.28,92.88,559.148,40.66,1253.88,
2024-12-21T03:20:15+0000,98.27,10.63,109.39,244.4,170.3,20.91,746.48,
2024-12-21T03:37:41+0000,28.91,7.5,8163.3,965.92,27.291999999999998,22.23,33.8,
2024-12-21T04:06:26+0000,23.73,0.49,923.68,549.35,25.114,21.96,28.63,
2024-12-21T04:37:32+0000,23.73,2.33,7145.5,461.04,26.978,20.93,31.05,
2024-12-21T05:05:44+0000,35.91,7.12,5782.85,759.7,24.258,22.88,25.69,
2024-12-21T05:36:42+0000,89.91,1.21,754.99,745.75,29.586,24.27,40.75,
2024-12-21T06:06:48+0000,47.09,17.63,5645.14,682.95,28.222,22.61,33.71,
2024-12-21T06:40:08+0000,88.55,0.95,916.3,847.58,34.368,27.48,49.95,
2024-12-21T07:05:44+0000,27.91,5.19,7456.84,557.55,24.900000000000002,21.73,28.44,
2024-12-21T07:36:18+0000,25.55,1.11,1221.7,895.01,38.328,28.34,54.4,
2024-12-21T08:06:45+0000,47.64,17.92,5030.34,464.41,28.234,22.66,36.43,
2024-12-21T08:37:37+0000,24.18,0.33,1181.16,799.32,29.508,21.08,34.67,
2024-12-21T09:06:30+0000,33,2.1,984.73,245.73,34.068,24.35,47.45,
2024-12-21T09:35:10+0000,35.64,6.37,7950.2,1077.41,25.858,22.6,29.3,
2024-12-21T10:05:44+0000,21.91,0.78,5945.54,557.06,24.762,22.61,28.63,
2024-12-21T10:36:45+0000,24.73,1.2,778.51,1314.43,23.13,21.16,30.03,
2024-12-21T11:05:59+0000,24.91,1.15,469.19,792.68,29.26,23.74,36.92,
2024-12-21T11:35:38+0000,40.91,10.84,4610.22,959.92,28.584,22.24,36.92,
2024-12-21T12:06:54+0000,29.27,3.75,991.35,118.17,25.298,23.23,31.84,
2024-12-21T12:46:28+0000,32.18,3.33,5284.77,390.52,35.368,24.6,45.48,
2024-12-21T13:08:37+0000,24.73,1.25,5025.15,724.33,28.919999999999998,23.86,34.66,
2024-12-21T13:35:31+0000,63.36,45.61,6588.61,878.71,31.066,22.39,57.32,
2024-12-21T14:05:36+0000,23.82,0.45,822.77,545.32,26.88,21.77,34.32,
2024-12-21T14:36:21+0000,89.18,0.67,691.47,808.71,32.086,29.75,35.2,
2024-12-21T15:06:14+0000,24.09,0.2,1225.61,637.18,31.736,24.53,42.62,
2024-12-21T15:35:24+0000,22,1.18,4983.18,966.74,26.448,22.37,34.21,
2024-12-21T16:27:28+0000,93.27,3.68,503.04,763.1,281.83,27.39,1199.23,
2024-12-21T16:39:04+0000,88.82,0.61,525.15,726.85,34.04,27.65,36.74,
2024-12-21T17:06:25+0000,24.82,0.51,501.06,592.52,35.074,26.08,54.04,
2024-12-21T17:35:46+0000,42.45,7.04,5523.62,677.52,28.294,21.71,35.46,
2024-12-21T18:06:33+0000,69,14,7554.84,796.25,28.618,21.96,50.71,
2024-12-21T18:38:32+0000,60.27,49.97,6951.05,449.65,24.664,22.32,27.78,
2024-12-21T19:05:36+0000,41,73.93,5550.76,1082.24,27.176,21.98,31.13,
2024-12-21T19:35:00+0000,24.27,4.21,5397.54,1270.71,24.8,21.79,31.98,
2024-12-21T20:05:49+0000,24.18,0.41,1178.55,1125.2,26.63,21.64,30.24,
2024-12-21T20:35:26+0000,58.27,34.76,7177.54,603.76,26.708000000000002,22.23,31.51,
2024-12-21T21:05:42+0000,41,6.19,5065.54,974.36,25.759999999999998,22.95,29.31,
2024-12-21T21:42:55+0000,88.36,0.62,592.58,578.37,114.812,26.52,449.19,
2024-12-21T22:05:37+0000,41.73,14.41,5843.09,794.2,23.498,21.79,29.12,
2024-12-21T23:05:35+0000,32.73,7.04,1126.44,500.34,23.54,23.09,24.18,
2024-12-21T23:35:24+0000,49.27,42.16,394.07,910.88,24.774,22.28,29.12,
2024-12-22T00:14:48+0000,24.18,0.36,730.5,233.04,24.09,22.12,28.63,
2024-12-22T00:50:51+0000,24.27,0.52,1391.81,423.41,32.436,23.15,50.91,
2024-12-22T02:55:52+0000,142.91,12.73,245.69,454.61,82.386,33.1,178.47,
2024-12-22T03:13:07+0000,21.55,0.64,5343.44,621.64,28.368,23.65,32.87,
2024-12-22T03:39:51+0000,24.18,0.29,711.61,859.35,25.362,22.58,33.6,
2024-12-22T04:06:19+0000,43.27,26.59,6660.94,777.9,23.078,22.45,25.04,
2024-12-22T04:37:44+0000,37.73,16,5811.45,790.33,25.593999999999998,22.59,34.47,
2024-12-22T05:06:24+0000,35.82,2.3,892.02,482.94,31.796,23.49,44.98,
2024-12-22T05:36:16+0000,41.09,7.59,4833.46,760.04,27.064,22.69,34.77,
2024-12-22T06:06:42+0000,43.18,53.46,5345.24,366.65,26.028,22.74,30.83,
2024-12-22T06:39:24+0000,23.64,0.11,1194.13,246.87,26.122,22.35,30.4,
2024-12-22T07:05:35+0000,57.18,11.47,4581.08,1117.16,24.032,22.42,27.09,
2024-12-22T07:35:23+0000,23.91,0.46,630.78,665.72,26.848,24.82,30.98,
2024-12-22T08:06:45+0000,26.91,2.34,873.17,713.56,30.288,23.22,35.62,
2024-12-22T08:37:19+0000,24,0.44,1118.18,1288.97,25.62,22.31,31.72,
2024-12-22T09:06:08+0000,22.64,0.49,5798.8,755.99,29.026,24.75,36.04,
2024-12-22T09:35:49+0000,88.91,0.49,615.67,725.54,28.696,27.28,32.68,
2024-12-22T10:06:08+0000,23.18,0.91,4799.86,307.29,28.594,22.43,41.39,
2024-12-22T10:37:00+0000,37.64,1.46,4111.96,152.45,25.483999999999998,22.52,34.41,
2024-12-22T11:06:21+0000,92.55,2.58,906.61,803.1,31.392,27.17,34.7,
2024-12-22T11:35:12+0000,28,3.5,1584.37,927.39,23.684,21.9,25.43,
2024-12-22T12:07:38+0000,23,1.19,4617.63,633.18,29.79,21.97,51.95,
2024-12-22T12:45:37+0000,23.91,0.18,893.04,625.2,24.422,22.83,25.86,
2024-12-22T13:08:30+0000,26.36,2.01,6282.68,686.04,26.656,22.6,34.07,
2024-12-22T13:38:46+0000,95.27,7.35,481.17,773.73,62.16,27.72,92.19,
2024-12-22T14:05:57+0000,24.55,0.61,1215.24,1116.36,25.626,22.08,29.15,
2024-12-22T14:35:33+0000,34.36,4.88,4979.5,548.04,24.416,21.27,31.08,
2024-12-22T15:05:49+0000,23.64,0.32,1186.26,754.66,28.334,20.84,40.58,
2024-12-22T15:35:09+0000,24,0.29,1217.71,1204,26.218,21.74,36.45,
2024-12-22T16:06:16+0000,22.64,2.43,5115.66,759.46,26.169999999999998,22.11,32.0,
2024-12-22T16:37:35+0000,23.91,0.36,882.26,498.93,22.764,22.19,23.55,
2024-12-22T17:05:41+0000,23.45,0.28,715.29,587.58,24.78,21.63,31.55,
2024-12-22T17:35:07+0000,24.36,0.51,879.34,856.53,23.567999999999998,22.49,26.58,
2024-12-22T18:06:42+0000,24.09,0.36,77.73,347.56,27.322,23.13,34.94,
2024-12-22T18:38:26+0000,76.36,101.5,5642.94,805.2,25.764,23.18,30.19,
2024-12-22T19:05:59+0000,23.64,0.07,995.56,562.91,30.402,23.07,41.81,
2024-12-22T19:35:17+0000,23.64,0.79,5905.07,858.32,25.238,22.67,27.38,
2024-12-22T20:05:52+0000,38.45,33.53,5404.79,1.56,23.764,22.67,26.78,
2024-12-22T20:35:23+0000,23.82,0.26,456.78,630.9,25.62,21.94,31.81,
2024-12-22T21:05:51+0000,24.18,0.52,6142.11,968.89,26.692,23.1,32.27,
2024-12-22T21:56:10+0000,89.64,3.23,620.29,716.02,274.922,26.33,1200.15,
2024-12-22T22:05:59+0000,45.09,6.58,5881.39,1379.63,27.278,23.58,37.21,
2024-12-22T22:36:17+0000,22.73,0.35,5416.21,509.47,24.522000000000002,22.05,27.85,
2024-12-22T23:05:43+0000,27.91,2.49,884.31,670.67,24.44,21.88,31.45,
2024-12-22T23:55:41+0000,96,3.62,611.66,800.91,267.758,27.63,1203.31,
2024-12-23T00:13:59+0000,44.27,29.71,5213.35,744.14,24.362000000000002,22.19,29.91,
2024-12-23T00:50:59+0000,99,4.32,904.3,774.74,32.678,29.0,37.74,
2024-12-23T02:12:32+0000,110.91,2.8,25.03,629.49,62.007999999999996,34.72,136.23,
2024-12-23T02:50:41+0000,96.18,1.62,632.03,692.16,38.264,31.57,49.36,
2024-12-23T03:12:03+0000,100.73,3.58,532.73,546.26,35.642,30.61,40.31,
2024-12-23T03:40:53+0000,93,3.29,684.6,740.87,41.269999999999996,33.94,53.91,
2024-12-23T04:07:20+0000,104.91,6.91,663.52,637.87,33.168,27.91,38.34,
2024-12-23T04:41:50+0000,102.91,2.73,842.4,433.82,53.426,26.05,90.93,
2024-12-23T05:06:32+0000,24.73,0.86,5219.39,486.29,26.056,22.67,32.6,
2024-12-23T05:37:39+0000,32.09,4.43,5151.45,489.43,26.558,21.79,35.45,
2024-12-23T06:07:54+0000,98.45,3.04,730.46,752.11,35.376,32.54,43.88,
2024-12-23T06:41:08+0000,20.91,0.81,5952.26,352.21,27.44,22.99,32.78,
2024-12-23T07:06:55+0000,41.09,43.41,5422.8,696.16,31.136000000000003,22.61,47.59,
2024-12-23T07:36:08+0000,24.09,0.3,590.21,484.91,30.376,25.26,35.89,
2024-12-23T08:07:43+0000,96,2.59,581.47,724.75,32.296,28.62,38.11,
2024-12-23T08:43:04+0000,96.45,2.42,633.65,710.27,68.332,27.97,86.44,
2024-12-23T09:06:44+0000,22.18,0.26,5712.99,519.68,29.906,23.03,40.98,
2024-12-23T09:36:28+0000,20.64,0.55,4871.68,609.76,27.802,24.74,32.24,
2024-12-23T10:06:44+0000,30.27,1.44,927.7,458.3,26.678,23.93,32.25,
2024-12-23T10:38:45+0000,45.55,73.92,6867.74,274.74,22.844,21.87,23.55,
2024-12-23T11:12:45+0000,90.36,4,726.95,818.3,105.696,24.96,421.17,
2024-12-23T11:35:19+0000,23.91,0.04,831.54,620.05,25.952,23.24,30.25,
2024-12-23T12:08:33+0000,92.82,4.15,489.05,695.61,33.868,28.64,36.43,
2024-12-23T12:47:07+0000,24.09,0.2,849.06,553.66,25.756,22.68,30.07,
2024-12-23T13:10:03+0000,23.91,0.26,1230.69,1263.31,26.476,22.12,30.54,
2024-12-23T13:38:09+0000,90.45,1.52,599.78,730.89,31.318,28.93,33.84,
2024-12-23T14:06:35+0000,94.55,3.65,854.4,842.24,31.002,27.72,37.29,
2024-12-23T14:38:06+0000,88.55,0.7,748.84,839.42,33.576,26.44,46.7,
2024-12-23T15:06:45+0000,90.18,0.27,674.07,698.12,32.912,26.86,35.52,
2024-12-23T15:36:29+0000,24,0.19,1096.11,625.83,24.156,22.07,26.07,
2024-12-23T16:14:26+0000,25.64,0.38,651.09,789.29,121.75,31.46,435.25,
2024-12-23T16:40:20+0000,95.73,4.61,505.15,737,33.628,27.77,39.39,
2024-12-23T17:36:13+0000,24,0.56,1148.2,721.99,26.098,23.25,31.54,
2024-12-23T17:45:43+0000,88.09,0.29,769.25,764.51,502.488,24.55,1265.0,
2024-12-23T18:40:42+0000,92.55,2.61,767.86,705.58,34.93,26.78,52.34,
2024-12-23T19:06:31+0000,29.91,2.88,681.19,130.52,35.444,23.09,54.91,
2024-12-23T19:35:44+0000,89.18,0.37,913.89,823.04,28.65,27.06,30.97,
2024-12-23T20:06:57+0000,96.55,5.29,664.69,684.54,34.62,27.32,39.99,
2024-12-23T20:35:52+0000,21.91,1.16,6125.59,1088,27.419999999999998,23.09,35.16,
2024-12-23T21:05:35+0000,24.18,0.64,1385.74,484.07,23.95,22.31,25.78,
2024-12-23T21:36:07+0000,100.82,5.57,891.77,723.42,29.08,26.84,34.04,
2024-12-23T22:05:48+0000,36.55,4.83,1309.53,756.65,23.39,22.4,25.55,
2024-12-23T22:37:30+0000,91.73,2.45,674.73,721.48,31.150000000000002,26.85,35.45,
2024-12-23T23:05:46+0000,24,0.55,675.84,525.8,24.772,22.49,28.16,
2024-12-23T23:35:21+0000,36.64,4.37,1433.64,1126.11,25.394,21.8,30.02,
2024-12-24T00:21:10+0000,239.36,33.66,37.53,32.71,96.058,22.33,379.47,
2024-12-24T00:50:46+0000,99.36,6.38,704.59,433.03,30.34,27.22,35.36,
2024-12-24T02:20:10+0000,180.09,103.82,172.12,89.33,166.602,24.24,509.34,
2024-12-24T02:49:12+0000,92.55,4.73,665.94,816.19,27.552,25.39,29.22,
2024-12-24T03:12:47+0000,114.73,7.82,369.82,636.36,54.65,27.27,87.59,
2024-12-24T03:39:01+0000,29.82,2.24,1216.97,557.24,24.044,22.08,26.72,
2024-12-24T04:09:12+0000,89.27,1.76,547.38,693.59,54.63,31.66,77.92,
2024-12-24T04:42:25+0000,24,0,1029.29,1214.55,77.728,23.8,156.29,
2024-12-24T05:06:22+0000,41,52.86,6268.36,487.32,26.074,23.62,29.17,
2024-12-24T06:07:43+0000,100.18,10.61,619.96,779.73,34.9,26.71,46.15,
2024-12-24T06:18:10+0000,94.82,2.71,852.84,767.15,514.852,32.36,1218.42,
2024-12-24T06:40:48+0000,23.73,0.62,1141.69,702.93,30.94,24.21,48.25,
2024-12-24T07:07:08+0000,92.82,5.45,940.26,726.57,34.744,28.0,42.23,
2024-12-24T07:35:32+0000,25.82,1.53,7787.63,1248.65,28.858,24.71,35.69,
2024-12-24T08:07:25+0000,38.64,6.94,6675.29,919.84,32.902,24.6,45.58,
2024-12-24T08:38:59+0000,24.18,0.19,1209.92,1211.11,27.246,21.87,38.39,
2024-12-24T09:08:46+0000,91.64,3.24,869.13,551.24,51.56,27.56,82.77,
2024-12-24T09:36:54+0000,94.27,5.78,943.85,476.31,35.988,26.96,41.61,
2024-12-24T10:06:04+0000,23.64,0.76,1207.3,1278.49,26.810000000000002,23.86,33.52,
2024-12-24T10:38:12+0000,25.09,1.74,1120.46,654.35,24.566,22.64,26.22,
2024-12-24T11:08:06+0000,93.82,3.21,938.24,765.45,50.536,26.88,87.9,
2024-12-24T11:35:52+0000,70.18,11.68,5481.34,771.22,29.188,23.79,37.85,
2024-12-24T12:07:48+0000,38.27,1.83,788.84,300.74,29.076,24.37,39.72,
2024-12-24T12:46:45+0000,39.91,26.66,5916.56,1507.4,23.288,21.87,24.55,
2024-12-24T13:09:41+0000,24.64,3.02,160.22,785.99,28.748,25.02,33.66,
2024-12-24T13:36:40+0000,76.18,23.55,6280.07,1203.11,28.288,23.91,32.48,
2024-12-24T14:05:52+0000,31.91,6.51,873.52,499.57,26.48,22.89,32.71,
2024-12-24T14:37:16+0000,25.64,1.71,6569.86,1457.78,33.264,23.07,57.47,
2024-12-24T15:05:53+0000,22.73,1.38,5486.18,351.8,25.45,21.69,30.19,
2024-12-24T15:35:36+0000,20.45,1.1,4576.85,1276.61,24.842,22.06,30.08,
2024-12-24T16:06:14+0000,22.91,0.75,4657.33,763.08,24.992,22.94,28.75,
2024-12-24T16:39:15+0000,25.36,1.08,763.95,857.81,30.212,23.96,38.94,
2024-12-24T17:05:37+0000,42.91,26.84,393.57,920.67,23.622,21.96,26.73,
2024-12-24T17:35:24+0000,24.55,1.14,1205.21,257.71,24.150000000000002,22.46,27.01,
2024-12-24T18:07:15+0000,24.55,0.46,323.41,218.53,31.318,26.66,39.42,
2024-12-24T18:39:30+0000,23.55,0.42,1644.21,601.15,26.226,22.69,34.08,
2024-12-24T19:05:45+0000,22.82,0.87,159.16,929.96,25.284,22.32,28.74,
2024-12-24T19:35:01+0000,23.91,0.27,1505.4,631.23,22.43,21.99,22.96,
2024-12-24T20:06:02+0000,23.73,1.31,703.35,1180.22,26.186,22.0,28.35,
2024-12-24T20:35:45+0000,25.36,0.83,1190.76,730.09,26.128,22.43,38.15,
2024-12-24T21:05:47+0000,23.73,0.55,696.27,565.31,24.906,21.65,33.58,
2024-12-24T21:35:02+0000,23.73,0.75,1668.41,537.42,23.72,21.84,27.82,
2024-12-24T22:05:36+0000,21.36,1,4752.48,1104.62,22.706,21.96,23.43,
2024-12-24T22:36:45+0000,23.91,0.09,759.1,412.14,26.442,24.13,30.99,
2024-12-24T23:05:46+0000,24,0.54,1214.62,817.9,24.184,22.22,27.61,
2024-12-24T23:35:11+0000,21.64,0.9,754.38,1031.21,22.918,21.87,23.95,
2024-12-25T00:16:31+0000,57.09,6.6,285.37,105.9,57.656,23.31,122.3,
2024-12-25T00:49:52+0000,40.64,18.12,5959.54,1000.93,23.266,21.82,26.59,
2024-12-25T01:59:09+0000,143.27,9.6,107.97,263.49,326.184,34.07,582.43,
2024-12-25T02:07:09+0000,51.64,6.8,5276.2,227.54,31.642000000000003,26.89,36.88,
2024-12-25T02:48:53+0000,21.91,1.48,5569.79,944.58,30.336000000000002,22.68,37.89,
2024-12-25T03:08:56+0000,24.36,0.7,5202.38,612.01,30.906,26.19,41.98,
2024-12-25T03:38:50+0000,22.27,2.41,4827.27,905.66,31.336,23.32,54.08,
2024-12-25T04:06:34+0000,41.27,6.68,6606.02,1126.15,25.638,23.32,30.4,
2024-12-25T04:39:02+0000,90.82,0.86,918.22,763.41,28.776,26.56,34.41,
2024-12-25T05:06:05+0000,41.82,41.51,4999.31,855.15,25.624,22.65,29.69,
2024-12-25T05:37:48+0000,28.45,4.78,5725.21,644.08,29.535999999999998,26.14,35.94,
2024-12-25T06:07:35+0000,21.45,0.52,5202.31,734.72,34.8,23.26,51.77,
2024-12-25T06:40:40+0000,24.64,0.14,1138.72,766.3,29.054,22.7,35.28,
2024-12-25T07:06:05+0000,38.45,12.17,5161.29,953.83,26.358,24.67,31.41,
2024-12-25T07:35:40+0000,24.09,0.63,6469.51,1026.64,29.148,25.25,33.86,
2024-12-25T08:06:36+0000,24.09,0.2,949.91,763.5,25.881999999999998,24.08,29.58,
2024-12-25T08:38:49+0000,24.91,0.79,1339.02,493.32,24.908,23.27,30.46,
2024-12-25T09:06:33+0000,88,0.32,821.01,778.2,31.308,27.17,36.69,
2024-12-25T09:36:12+0000,95.09,5.58,929.97,831.6,29.747999999999998,25.32,34.05,
2024-12-25T10:06:02+0000,34,12.35,5904.03,170.86,26.522,22.99,29.08,
2024-12-25T10:38:03+0000,32.09,2.58,271.53,1113.14,24.362,22.39,27.86,
2024-12-25T11:05:37+0000,41,0.54,5640.11,1044.81,22.828,21.89,25.12,
2024-12-25T11:35:17+0000,53.82,5.94,4897.18,314.27,25.636,22.24,27.66,
2024-12-25T12:07:25+0000,25.55,0.46,1293.15,650.02,25.858,22.19,34.86,
2024-12-25T12:47:05+0000,23.64,0.17,530.35,855.68,27.738,23.06,34.64,
2024-12-25T13:09:22+0000,107.64,145.05,5766.42,743.78,27.906,22.8,35.61,
2024-12-25T13:36:12+0000,23.73,0.46,959.45,892.16,25.066,22.47,28.29,
2024-12-25T14:05:41+0000,22.73,0.44,5840.37,771.81,24.716,22.24,27.17,
2024-12-25T14:36:56+0000,26.55,6.84,776.49,546.58,31.355999999999998,22.4,55.23,
2024-12-25T15:05:46+0000,25.55,2.88,712.17,886.97,24.88,22.08,28.52,
2024-12-25T15:35:51+0000,30.09,3.7,1166.42,260.23,27.32,22.24,33.22,
2024-12-25T16:06:32+0000,23.82,0.54,938.69,894.42,28.888,22.95,31.93,
2024-12-25T16:38:56+0000,21.91,1.2,5825.23,345.67,28.192,22.12,40.83,
2024-12-25T17:05:52+0000,23.09,0.7,5221.69,482.21,26.014,22.32,31.06,
2024-12-25T17:36:25+0000,59.36,53.01,6114.09,829.17,24.198,21.83,26.8,
2024-12-25T18:07:08+0000,23.27,2.86,4590.04,116.39,31.81,22.61,44.16,
2024-12-25T18:39:21+0000,22.55,0.16,5098.56,931.01,26.25,22.3,40.25,
2024-12-25T19:05:47+0000,24.09,0.14,899.56,435.54,26.323999999999998,22.73,33.16,
2024-12-25T19:36:15+0000,95.45,1.97,760.2,707.28,33.288,28.79,39.1,
2024-12-25T20:26:08+0000,93.27,6.63,372.96,558.09,263.848,26.81,1199.68,
2024-12-25T20:36:30+0000,92.36,3.07,777.64,564.47,29.456,27.37,31.84,
2024-12-25T21:06:32+0000,96.45,3.68,390.72,717.07,31.51,27.64,34.2,
2024-12-25T21:35:11+0000,23,1.87,4977.82,401.32,23.404,21.72,27.93,
2024-12-25T22:06:07+0000,31.64,3.82,6060.27,621.88,28.034000000000002,22.44,38.63,
2024-12-25T22:36:40+0000,40.55,15.18,5725.15,339.35,24.564,22.57,28.76,
2024-12-25T23:05:53+0000,24.18,0.42,767.08,1004.77,25.114,22.45,28.85,
2024-12-26T00:13:36+0000,33.18,5.32,1054.55,498.92,22.988,21.91,24.4,
2024-12-26T00:50:55+0000,96.82,4.49,832.03,735.38,32.624,30.23,34.69,
2024-12-26T02:31:42+0000,77.91,9.09,100.83,37.16,318.42199999999997,26.11,951.56,
2024-12-26T02:53:06+0000,93,3.66,121.24,222.65,77.554,23.01,230.04,
2024-12-26T03:09:43+0000,21.45,2.27,5077.96,944.15,25.733999999999998,22.29,32.07,
2024-12-26T03:39:01+0000,24.36,0.89,1401.33,636.96,26.126,22.98,36.57,
2024-12-26T04:38:07+0000,23.55,0.82,1349.03,635.35,22.476,21.58,22.86,
2024-12-26T05:06:40+0000,90.09,1.83,757.11,727.3,27.95,25.84,33.31,
2024-12-26T05:38:20+0000,91.18,0.54,678.43,793.27,32.084,27.71,34.08,
2024-12-26T06:06:40+0000,40.27,4.01,5591.05,732.71,23.258,22.28,25.59,
2024-12-26T06:40:31+0000,24.18,1.1,1157.15,341.37,25.768,21.71,30.01,
2024-12-26T07:06:05+0000,24.09,0.28,1006.97,1118.69,26.580000000000002,22.13,38.1,
2024-12-26T07:35:27+0000,24.18,1,1249.97,472.12,27.048000000000002,22.64,34.0,
2024-12-26T08:06:39+0000,25,0.8,913.15,504.65,24.904,22.64,32.65,
2024-12-26T08:39:44+0000,88.64,2.09,691.88,742.96,32.858000000000004,28.45,38.97,
2024-12-26T09:35:31+0000,39.73,42.38,5324.45,749.31,22.304000000000002,21.57,22.88,
2024-12-26T09:43:57+0000,115,3.77,664.29,458.42,478.82,27.09,1120.07,
2024-12-26T10:06:04+0000,23.91,0.36,959.62,967.03,25.95,23.64,29.39,
2024-12-26T10:38:15+0000,23.91,0.12,678.46,781.92,24.310000000000002,22.17,30.98,
2024-12-26T11:06:01+0000,66.09,59.06,4780.24,880.16,27.36,22.38,40.43,
2024-12-26T11:35:34+0000,47.82,4.74,446.66,71.64,28.288,23.21,37.3,
2024-12-26T12:08:06+0000,92.45,1.56,765.1,747.35,30.32,28.01,34.87,
2024-12-26T12:47:28+0000,23.64,0.36,935.58,716.4,29.742,22.62,48.55,
2024-12-26T13:09:59+0000,42.27,42.19,5143.51,1120.92,28.47,22.18,33.9,
2024-12-26T13:37:26+0000,23.82,0.16,727.82,983.59,28.458,23.33,33.87,
2024-12-26T14:05:53+0000,23.73,0.08,956.42,1049.95,26.61,24.07,31.49,
2024-12-26T14:38:05+0000,90.64,2.47,909.76,787.34,36.403999999999996,30.87,40.14,
2024-12-26T15:05:49+0000,23.64,0.49,790.92,949.29,26.166,25.24,27.92,
2024-12-26T15:35:48+0000,40.09,18.69,4722.64,754.43,24.887999999999998,22.5,27.83,
2024-12-26T16:06:31+0000,24.27,0.18,740.55,773.79,28.663999999999998,22.13,38.65,
2024-12-26T16:39:18+0000,22.55,0.43,5916.8,873.05,29.936,24.5,44.05,
2024-12-26T17:06:38+0000,94.82,4.71,618.5,720.85,32.834,27.38,37.35,
2024-12-26T17:36:10+0000,87.91,0.54,667.37,783.6,29.044,26.57,33.1,
2024-12-26T18:07:45+0000,32.55,1.66,84.9,631.9,37.028,22.67,48.89,
2024-12-26T18:39:31+0000,40.18,36.72,8947.18,663.74,24.348,22.62,27.24,
2024-12-26T19:06:30+0000,100.27,8.61,451.46,573.64,34.646,28.24,42.66,
2024-12-26T19:42:18+0000,102.09,6.58,744.12,767.95,103.964,27.46,349.7,
2024-12-26T20:26:35+0000,108.18,3.44,442.36,674.18,269.36,32.59,1134.99,
2024-12-26T20:36:22+0000,96.64,3.73,661.72,790.11,29.459999999999997,26.88,38.41,
2024-12-26T21:11:52+0000,91,4.33,515.35,584.86,96.016,39.89,168.85,
2024-12-26T21:35:46+0000,49.64,7.97,5454.87,662.58,30.808,26.29,41.64,
2024-12-26T22:06:18+0000,125.91,38.79,569.46,666.37,29.994,27.08,33.13,
2024-12-26T22:36:35+0000,21.09,1.14,5569.71,167.24,22.82,22.0,24.42,
2024-12-26T23:05:43+0000,21.45,1.05,5455.21,508,24.102,21.81,27.23,
2024-12-26T23:35:05+0000,23.73,0.61,1102.42,1211.11,24.06,21.67,28.32,
2024-12-27T00:13:29+0000,24,0.44,941.13,1286.35,24.616,21.12,28.89,
2024-12-27T00:50:36+0000,95,1.75,794.15,761.24,30.102,26.21,34.0,
2024-12-27T02:40:49+0000,196.36,3.91,250.3,226.08,414.76399999999995,52.49,1230.08,
2024-12-27T03:09:55+0000,29.27,1.04,732.78,472.04,31.328,26.47,39.73,
2024-12-27T03:12:55+0000,103.55,5.36,516.16,628.35,309.68399999999997,27.22,1278.36,
2024-12-27T03:38:39+0000,24.09,0.32,1373.22,214.54,26.334,22.36,37.6,
2024-12-27T04:06:23+0000,36.27,4.86,1342.82,835.54,23.808,22.77,24.9,
2024-12-27T04:38:10+0000,30.64,4.47,804.85,663.54,22.84,22.5,23.21,
2024-12-27T05:06:48+0000,88,0.4,769.91,821,29.09,27.07,34.97,
2024-12-27T05:37:03+0000,23.64,0.19,1030.52,518.06,25.242,22.82,27.33,
2024-12-27T06:06:41+0000,40.18,10.39,6969.8,611.46,23.662,22.1,26.37,
2024-12-27T06:40:12+0000,22.73,1.09,5232.43,453.76,23.77,21.81,27.16,
2024-12-27T07:06:28+0000,25.45,0.97,831.38,171.94,27.73,22.76,44.93,
2024-12-27T07:35:55+0000,95.18,3.87,668.26,757.77,30.96,27.41,36.99,
2024-12-27T08:08:36+0000,92.27,2.88,930.07,785.51,45.064,34.29,72.48,
2024-12-27T08:39:42+0000,113.36,4.25,261.37,631.97,34.976,31.49,39.99,
2024-12-27T09:05:53+0000,23.91,1.4,4628.77,674.61,25.233999999999998,21.71,36.55,
2024-12-27T09:36:04+0000,24,0.52,5465.83,625.37,27.92,24.63,32.45,
2024-12-27T10:05:58+0000,201.45,16.03,5982.67,139.15,24.046,21.81,28.08,
2024-12-27T10:38:05+0000,274,46.07,4779.96,220.46,25.736,22.71,28.09,
2024-12-27T11:06:00+0000,22.18,1.31,5219.26,768.05,28.842,22.68,36.43,
2024-12-27T11:36:01+0000,93.36,2.88,657.01,609.7,30.608,27.04,32.98,
2024-12-27T12:08:03+0000,41.91,26.31,378.53,1158.21,32.208,24.78,44.24,
2024-12-27T12:46:50+0000,39.91,19.52,5392.21,766.98,25.002,22.25,27.28,
2024-12-27T13:09:13+0000,46.09,10.88,5606.13,907.76,25.727999999999998,22.66,34.41,
2024-12-27T13:36:34+0000,32.18,2.02,1231.5,1152.55,25.194,22.29,28.45,
2024-12-27T14:06:23+0000,24,0.95,751.14,625.78,32.882,22.23,53.87,
2024-12-27T14:36:55+0000,40.91,10.87,5361.03,543.46,27.428,22.08,31.07,
2024-12-27T15:05:44+0000,27.64,2.13,5009.01,242.86,25.919999999999998,21.54,31.82,
2024-12-27T15:35:26+0000,32.91,3.58,875.98,297.68,23.936,21.72,30.77,
2024-12-27T16:05:58+0000,23.73,0.72,821.14,514.36,24.708,21.77,27.85,
2024-12-27T17:02:07+0000,94,2.43,913.02,541.82,302.178,25.31,1244.38,
2024-12-27T17:05:41+0000,20.82,0.72,4713.56,678.44,25.928,21.68,39.23,
2024-12-27T17:36:18+0000,21.55,0.61,232.12,1101.38,34.254,22.48,52.6,
2024-12-27T18:07:18+0000,31.45,1.69,73.43,401.65,31.408,22.53,39.24,
2024-12-27T18:39:34+0000,38.36,5.88,304.41,559.21,27.886,23.15,35.54,
2024-12-27T19:05:37+0000,24.27,0.37,735.27,509.28,24.48,22.02,32.74,
2024-12-27T19:35:00+0000,46.64,28.16,5746.41,600.69,23.12,21.81,24.98,
2024-12-27T20:06:25+0000,51.36,9.3,6699.32,287.15,28.814,21.59,38.82,
2024-12-27T20:35:32+0000,25,0.4,1139.03,391.56,25.413999999999998,21.74,34.37,
2024-12-27T21:05:58+0000,39.64,7.96,6082.12,865.44,27.866,22.23,34.73,
2024-12-27T21:35:27+0000,24.18,0.49,1006.77,548.72,24.822,22.19,33.9,
2024-12-27T22:05:39+0000,23.45,0.73,9540.22,688.6,23.548000000000002,22.37,24.61,
2024-12-27T23:01:08+0000,88.36,0.6,602.95,566.14,317.134,25.5,1100.02,
2024-12-27T23:06:12+0000,23.55,0.53,712.95,318.35,30.35,22.22,36.95,
2024-12-27T23:34:59+0000,24.18,0.78,1153.46,534.57,22.556,21.65,23.32,
2024-12-28T00:13:39+0000,51,6.03,6101.03,462,27.03,21.76,32.47,
2024-12-28T00:51:05+0000,91.09,1.59,723.45,770.06,34.564,32.48,38.92,
2024-12-28T03:01:00+0000,223.73,8.92,150.37,64.98,177.126,107.37,340.39,
2024-12-28T03:29:19+0000,91.09,0.97,536.45,567.01,277.81399999999996,25.19,1256.32,
2024-12-28T03:37:15+0000,22.73,0.68,5151.59,916.46,23.16,22.07,25.36,
2024-12-28T04:07:07+0000,89,0.71,928.27,831.72,29.81,27.03,33.25,
2024-12-28T04:37:48+0000,22.27,0.62,5106.24,1022.11,25.33,22.79,27.36,
2024-12-28T05:06:36+0000,88.09,0,807.26,861.48,31.131999999999998,26.76,36.87,
2024-12-28T05:36:34+0000,59.55,17.18,273,630.99,24.01,22.41,26.96,
2024-12-28T06:39:08+0000,43.91,1.89,6202.38,432.87,22.726,21.62,23.25,
2024-12-28T07:05:58+0000,23.64,0.29,1035.17,957.21,28.866,22.4,40.68,
2024-12-28T07:35:12+0000,24,0.92,5964.71,499.6,23.686,21.51,26.38,
2024-12-28T08:06:34+0000,42,18.91,5322.74,345.24,24.276,22.68,25.53,
2024-12-28T09:06:37+0000,89.36,0.57,871.93,638.53,33.194,31.25,35.53,
2024-12-28T09:16:56+0000,93.91,5.34,538.54,780.27,495.068,27.33,1206.47,
2024-12-28T10:06:56+0000,93.73,3.97,732.74,721.72,35.828,29.62,42.25,
2024-12-28T10:12:21+0000,92,2.5,862.73,800.04,468.49600000000004,72.21,1214.65,
2024-12-28T10:38:04+0000,94.45,2.77,941.48,833.7,31.69,27.09,33.39,
2024-12-28T11:05:49+0000,77.18,64.61,5433.33,1034.12,27.419999999999998,21.95,31.4,
2024-12-28T11:35:08+0000,37.55,2.99,5713.85,671.64,24.364,22.28,29.27,
2024-12-28T12:06:44+0000,136.27,23.48,5746.91,130.49,23.84,21.82,29.08,
2024-12-28T12:45:36+0000,21.82,0.95,5950.74,907.8,23.486,20.38,32.86,
2024-12-28T13:09:22+0000,91.18,2.45,495.83,676.67,33.361999999999995,28.9,39.87,
2024-12-28T13:36:09+0000,102.36,6.46,589.55,817.59,32.362,30.82,33.34,
2024-12-28T14:06:29+0000,88.27,0.36,684.64,837.96,31.57,27.86,36.29,
2024-12-28T14:36:25+0000,90.45,1.38,709.44,717.67,31.238,24.95,53.53,
2024-12-28T15:06:03+0000,88.55,0.78,555.31,708.98,29.718,25.65,32.11,
2024-12-28T15:35:11+0000,24.27,0.6,737.96,482,25.342,22.41,29.46,
2024-12-28T16:05:48+0000,23.91,0.38,973.89,277.87,23.794,21.62,29.54,
2024-12-28T16:38:06+0000,46.73,13.15,5353.88,974.94,24.596,22.64,31.22,
2024-12-28T17:05:48+0000,41.36,18.56,4987.34,883.74,26.744,23.04,30.89,
2024-12-28T17:35:13+0000,24.82,0.65,1037.46,694.42,24.612,21.94,31.79,
2024-12-28T18:06:37+0000,24.18,1.09,161.94,382.59,28.168,22.15,39.92,
2024-12-28T18:38:46+0000,22.73,0.16,5235.64,264.32,27.498,22.53,32.5,
2024-12-28T19:05:49+0000,24,0,954.38,796.34,25.11,23.14,29.01,
2024-12-28T19:37:00+0000,102.27,5.42,408.14,416.56,42.012,33.97,67.63,
2024-12-28T20:05:44+0000,66.91,18.26,4983.3,222.87,24.326,21.93,30.13,
2024-12-28T20:35:14+0000,26.82,4.37,5173.32,1012.21,23.44,22.69,24.01,
2024-12-28T21:05:38+0000,41.45,13.82,6429.55,987.28,26.03,22.46,30.97,
2024-12-28T22:04:06+0000,102.36,6.38,945.95,698.95,369.284,27.14,981.45,
2024-12-28T22:06:37+0000,93.18,3.6,849.36,652.11,31.61,26.68,37.85,
2024-12-28T22:37:47+0000,97.64,5.94,654.76,752.99,39.624,27.4,77.68,
2024-12-28T23:06:05+0000,24.82,0.49,1225.51,614.32,25.764,22.25,32.53,
2024-12-28T23:35:47+0000,26.45,0.53,1010.95,694.23,30.114,21.91,47.31,
2024-12-29T00:15:51+0000,39.09,7.82,374.84,187.72,33.784,22.93,43.86,
2024-12-29T00:50:10+0000,30.55,2.72,1260.7,862.2,23.286,22.05,25.61,
2024-12-29T02:14:04+0000,107.55,5.45,54.52,664.48,41.098,37.52,48.14,
2024-12-29T02:57:38+0000,90.09,4.04,31.13,290.56,94.004,24.12,300.07,
2024-12-29T03:16:51+0000,52.45,8.96,342.49,209.34,63.706,24.17,118.14,
2024-12-29T03:41:49+0000,87.73,0.74,840.88,737.98,34.404,32.09,37.39,
2024-12-29T04:27:52+0000,90.27,3.17,561.05,526.27,279.10400000000004,41.6,1129.38,
2024-12-29T04:38:09+0000,26.73,7.7,5146.68,1094.34,29.25,22.48,42.23,
2024-12-29T05:06:01+0000,24.45,2.19,4717.96,468.58,27.62,22.82,37.72,
2024-12-29T05:36:41+0000,21.45,1.74,7643.23,337.95,29.436,22.63,33.62,
2024-12-29T06:06:30+0000,23.82,3.54,5820.53,891.81,24.262,21.82,29.44,
2024-12-29T07:07:21+0000,103.73,2.88,947.17,798.72,37.082,33.17,41.67,
2024-12-29T07:35:31+0000,23.82,0.09,951.63,882.3,28.276,23.3,38.08,
2024-12-29T08:06:45+0000,22.91,3.25,5814.32,728.94,27.413999999999998,25.13,28.88,
2024-12-29T08:38:14+0000,88,0.53,848.89,755.58,30.874,24.95,38.74,
2024-12-29T09:06:32+0000,88.64,0.65,895.62,742.64,30.862,29.18,35.87,
2024-12-29T09:35:08+0000,24.36,0.85,968.83,608.98,23.442,22.34,24.2,
2024-12-29T10:07:04+0000,92.27,4.44,650.68,647.19,35.716,33.34,37.67,
2024-12-29T10:37:06+0000,29.64,1.27,5856.86,596.82,25.198,22.41,35.44,
2024-12-29T11:05:40+0000,24.18,0.4,1067.12,774.71,25.924,22.0,29.14,
2024-12-29T11:35:20+0000,41.27,26.16,490.89,730.24,26.548,22.65,33.43,
2024-12-29T12:06:42+0000,39.27,9.71,5794.25,965.93,23.788,22.55,26.24,
2024-12-29T12:45:44+0000,22.91,1.01,7680.1,818.25,25.566,23.22,28.55,
2024-12-29T13:08:40+0000,24.45,0.52,1333.66,961.07,29.264,23.22,46.23,
2024-12-29T13:56:08+0000,98.45,2.31,708.03,788.69,276.008,27.19,1257.29,
2024-12-29T14:05:50+0000,24,0,1205.63,556.87,26.656000000000002,24.16,32.95,
2024-12-29T14:36:02+0000,41.64,15.27,6171.09,470.71,30.884,21.94,37.52,
2024-12-29T15:07:11+0000,97.55,3.55,498.17,614.95,38.87,26.58,81.57,
2024-12-29T15:35:35+0000,42.09,18.98,7502.5,462.6,26.236,22.73,35.24,
2024-12-29T16:06:21+0000,24.45,0.5,1019.41,939.57,28.848,23.36,46.96,
2024-12-29T16:38:31+0000,90.64,2.52,175.49,633.28,30.812,26.87,36.67,
2024-12-29T17:05:41+0000,22.82,0.25,6085.21,538.33,24.418,23.46,27.01,
2024-12-29T17:56:03+0000,89.27,2.82,668.04,478.26,270.474,26.57,1202.98,
2024-12-29T18:06:46+0000,46.73,12.45,6315.52,575.45,27.408,24.53,30.69,
2024-12-29T18:38:38+0000,22.36,1.37,5069.87,544.45,29.508,23.1,46.43,
2024-12-29T19:05:49+0000,97.82,11.75,4898.04,975.59,28.668000000000003,22.71,42.31,
2024-12-29T19:35:48+0000,31.64,7.48,5441.65,182.32,29.8,22.73,37.11,
2024-12-29T20:05:50+0000,61,37.28,6155.85,352.29,24.466,22.13,32.38,
2024-12-29T20:35:22+0000,41.91,42.27,5745.29,315.78,26.458000000000002,24.39,29.96,
2024-12-29T21:05:49+0000,24.18,0.01,1245.34,1521.94,24.486,23.74,26.21,
2024-12-29T21:35:45+0000,24.36,0.5,923.11,902.59,28.832,23.75,32.77,
2024-12-29T22:05:58+0000,22.45,2.45,6420.39,565.94,26.094,22.99,30.01,
2024-12-29T22:36:23+0000,23.09,2.25,859.01,562.06,26.802,22.44,31.58,
2024-12-29T23:35:29+0000,31.45,2.05,919.4,614.17,25.512,22.63,30.73,
2024-12-30T00:14:07+0000,21.82,0.56,4796.07,709.22,24.324,22.59,28.61,
2024-12-30T02:16:01+0000,288.09,16.79,14.26,128.34,93.332,29.55,242.85,
2024-12-30T02:54:53+0000,202.91,28.25,31.08,74.81,81.632,24.33,229.62,
2024-12-30T03:11:24+0000,24.36,0.07,741.43,166.01,24.858,22.56,26.56,
2024-12-30T03:40:04+0000,23.91,0.09,873.11,673.29,33.186,22.46,58.49,
2024-12-30T04:06:30+0000,24.36,0.69,952.12,1101.8,24.608,22.27,28.16,
2024-12-30T04:39:19+0000,88.73,0.5,535.55,736.35,31.951999999999998,27.09,37.14,
2024-12-30T05:06:05+0000,24.36,1.29,1262.1,590.61,24.076,22.15,28.91,
2024-12-30T05:37:30+0000,25.27,1.02,854.54,576.69,25.038,22.7,28.47,
2024-12-30T06:06:48+0000,22.91,2.07,5314.73,650.02,24.536,22.35,30.48,
2024-12-30T07:03:50+0000,90.18,2.65,610.03,532.76,298.322,28.4,1255.77,
2024-12-30T07:06:28+0000,24,0.33,1343.29,368.85,24.306,21.9,26.73,
2024-12-30T07:36:14+0000,95.55,3.37,788.38,759.92,29.022000000000002,27.01,32.13,
2024-12-30T08:07:20+0000,63.91,13,5016.25,867.48,33.232,23.44,39.97,
2024-12-30T08:39:07+0000,39.82,13.93,6736.98,210.73,28.016,21.85,39.23,
2024-12-30T09:10:31+0000,124.18,8.07,847.57,409.46,73.424,43.09,85.15,
2024-12-30T09:37:05+0000,90.09,2.08,816.67,694.07,33.174,29.39,36.36,
2024-12-30T10:06:21+0000,23.91,0.09,994.72,660.76,25.798000000000002,22.44,28.51,
2024-12-30T10:38:50+0000,24.18,0.4,694.1,954.12,26.642,23.05,30.84,
2024-12-30T11:15:01+0000,96.91,6.17,541.22,665.73,134.23600000000002,29.18,406.1,
2024-12-30T11:35:17+0000,27.36,0.99,5111.03,367.73,24.232,22.08,26.86,
2024-12-30T12:07:44+0000,55.73,6.59,8145.26,351.83,28.71,23.23,43.97,
2024-12-30T12:47:29+0000,24.82,0.75,791.73,481.59,30.892,23.45,43.31,
2024-12-30T13:09:48+0000,23.91,0.12,750.31,611.52,26.732000000000003,21.78,36.77,
2024-12-30T13:37:22+0000,22.91,0.4,7142.39,789.81,28.076,24.12,34.31,
2024-12-30T14:06:12+0000,21.45,0.9,8024.7,1087.03,30.712,24.48,37.86,
2024-12-30T14:38:18+0000,89.55,2.92,508.26,645.72,36.242,33.26,40.63,
2024-12-30T15:06:00+0000,24,0,803.1,598.53,24.48,22.8,28.92,
2024-12-30T15:35:51+0000,21.64,0.97,10726.76,772.07,25.778,21.72,29.15,
2024-12-30T16:06:31+0000,25,1.58,753.56,614.67,26.988,23.49,30.92,
2024-12-30T16:40:36+0000,93.45,2.22,203.73,763.4,34.974,28.83,43.61,
2024-12-30T17:06:51+0000,92.64,2.19,573.55,757.17,33.932,30.1,41.85,
2024-12-30T17:36:33+0000,104.82,9.96,733.98,761.48,31.462,27.79,36.99,
2024-12-30T18:07:39+0000,98,3.57,232.61,245.39,33.678,28.42,41.71,
2024-12-30T18:40:12+0000,24.64,0.91,5016.87,795.31,26.688,24.07,28.95,
2024-12-30T19:06:17+0000,59.45,51.7,8389.55,921.33,31.278,25.25,45.14,
2024-12-30T19:35:15+0000,58.45,44.78,5390.11,280.29,23.594,22.07,24.92,
2024-12-30T20:36:47+0000,101.09,4.26,727.92,727.21,33.836,29.47,37.37,
2024-12-30T21:07:28+0000,91,2.14,951.27,825.54,42.064,28.76,74.94,
2024-12-30T21:35:15+0000,46.82,13.96,6613.89,534.91,23.558,21.99,28.53,
2024-12-30T22:05:54+0000,24.09,0,1050.58,636.6,25.798,22.24,29.85,
2024-12-30T22:37:12+0000,46.91,8.65,5236.25,232.3,28.259999999999998,22.25,38.15,
2024-12-31T00:21:33+0000,283.18,22.54,19.29,13.74,107.738,23.58,431.49,
2024-12-31T01:14:18+0000,95.27,2.03,943.35,662.04,313.63,28.31,1208.84,
2024-12-31T02:19:29+0000,122.55,13.16,183.74,349.23,167.278,29.81,602.25,
2024-12-31T02:51:50+0000,88.36,1.49,79.49,389.69,59.356,29.69,142.16,
2024-12-31T03:08:46+0000,22.18,0.84,7288.03,540.28,26.052,24.16,32.28,
2024-12-31T03:38:12+0000,23.64,0.22,642.49,801.65,24.234,22.36,28.26,
2024-12-31T04:06:35+0000,39.18,3.76,975.16,731.2,26.064,22.94,31.29,
2024-12-31T04:39:05+0000,90,1.05,475,733.86,31.84,27.44,36.7,
2024-12-31T05:27:41+0000,88.27,1,950.61,537.37,282.37800000000004,32.9,1193.9,
2024-12-31T05:38:01+0000,29.82,4.44,4730.9,757.59,38.174,22.24,75.98,
2024-12-31T06:06:20+0000,23.82,0.31,1016.05,1187.65,23.48,20.79,27.0,
2024-12-31T06:42:25+0000,73.45,9.46,578.69,46.1,49.292,26.43,84.41,
2024-12-31T07:06:27+0000,102.64,6.06,505.68,572.68,29.344,26.97,34.44,
2024-12-31T07:35:33+0000,25.73,2.69,1053.3,605.17,27.778,24.62,31.58,
2024-12-31T08:06:54+0000,58.27,141.66,234.44,479.04,27.762,22.74,35.44,
2024-12-31T08:39:00+0000,88.36,0.45,809.26,685.94,30.2,24.66,33.21,
2024-12-31T09:06:09+0000,63.82,9.41,5538.64,99.04,27.616,22.77,40.98,
2024-12-31T09:35:55+0000,24.73,0.94,1104.71,1087.07,28.804,22.43,47.63,
2024-12-31T10:06:00+0000,38.36,5.72,1122.99,344.13,25.85,22.5,32.31,
2024-12-31T10:37:54+0000,24.55,0.62,821.78,404.53,22.544,21.81,23.26,
2024-12-31T11:06:08+0000,40.64,1.27,6062.22,283.44,29.852,22.7,42.82,
2024-12-31T11:35:34+0000,21.91,0.54,4577.13,641.03,26.34,22.81,35.44,
2024-12-31T12:07:18+0000,24.27,0.5,1099.75,1055.55,24.166,22.81,26.3,
2024-12-31T12:47:13+0000,88.27,0.91,777.47,822.15,27.7,24.67,32.07,
2024-12-31T13:30:36+0000,88.82,0.89,606.81,795.76,278.604,24.48,1257.58,
2024-12-31T13:36:14+0000,24.09,0.09,1380.17,494.46,24.758,22.37,30.99,
2024-12-31T14:06:11+0000,22.91,0.75,4900.76,542.38,30.808,23.81,40.91,
2024-12-31T14:36:46+0000,24,0.38,581.61,349.46,27.434,22.98,34.85,
2024-12-31T15:06:03+0000,24.09,0.06,1172.77,613.22,28.036,22.69,40.96,
2024-12-31T15:36:13+0000,22.91,0.45,4989.83,604.14,30.421999999999997,23.0,40.37,
2024-12-31T16:06:45+0000,21.64,0.73,5957.99,721.36,30.844,22.92,41.92,
2024-12-31T16:39:06+0000,32.73,3.17,1048.58,888.64,25.844,22.96,31.25,
2024-12-31T17:05:42+0000,24.09,0.12,937.54,376.04,25.164,21.49,28.91,
2024-12-31T17:35:14+0000,23.91,0.39,763.97,945.04,23.328,21.61,26.45,
2024-12-31T18:06:46+0000,33.64,1.95,449.41,362.59,31.648,21.71,55.96,
2024-12-31T18:38:59+0000,22.64,0.8,6415.72,385.1,23.078,21.6,24.34,
2024-12-31T19:06:11+0000,92.64,1.69,622.16,672.31,29.12,26.78,32.23,
2024-12-31T19:35:32+0000,23.64,0.61,582.02,596.35,26.433999999999997,22.25,37.19,
2024-12-31T20:09:29+0000,98.45,3.11,855.47,695.75,64.712,27.88,80.7,
2024-12-31T20:35:15+0000,21.27,1.46,5597.78,929.03,22.696,22.26,23.09,
2024-12-31T21:05:43+0000,24.27,0.19,927.57,798.72,26.468,23.17,29.3,
2024-12-31T21:35:03+0000,23.45,1.6,6811.46,717.73,23.03,22.38,24.75,
2024-12-31T22:05:35+0000,22.64,1.13,5116,470.95,22.392,21.65,23.05,
2024-12-31T22:36:43+0000,25.91,6.17,711.45,300.53,26.702,22.57,29.92,
2024-12-31T23:05:40+0000,40.82,51.7,6036.26,567.71,24.576,21.68,31.51,
2024-12-31T23:35:15+0000,21.91,0.95,6201.33,864.19,25.682,22.77,31.59,
2025-01-01T00:16:41+0000,40.82,7.35,185.13,118.74,45.796,22.09,74.36,
2025-01-01T00:50:22+0000,31.64,3.71,1255.14,259.31,25.548,21.96,37.08,
2025-01-01T02:17:53+0000,390.55,24.98,17.79,25.35,541.8240000000001,28.0,1806.7,
2025-01-01T02:32:13+0000,98.64,18.25,850.23,660.12,32.128,28.03,35.05,
2025-01-01T02:57:22+0000,55,4.78,259.82,217.18,58.256,27.32,114.1,
2025-01-01T03:42:52+0000,101.27,5.88,686.61,799.77,31.346,26.2,36.47,
2025-01-01T04:06:30+0000,26.09,1.81,1627.13,1145.06,25.002,22.05,33.88,
2025-01-01T04:38:22+0000,25.36,1.5,7959.92,929.26,24.62,22.69,28.31,
2025-01-01T05:06:35+0000,46.73,11.34,9838.87,1009.34,27.666,21.89,31.27,
2025-01-01T05:37:05+0000,34,5.81,6409.23,806.08,23.768,22.98,25.84,
2025-01-01T06:06:49+0000,24.36,0.51,800.22,810.59,26.716,22.43,32.2,
2025-01-01T06:40:38+0000,41.64,36.65,9508.27,527.24,24.152,22.29,30.65,
2025-01-01T07:07:07+0000,90.45,1.63,919.16,787.94,30.228,26.42,34.59,
2025-01-01T07:50:44+0000,95.91,4.44,926.9,784.76,208.692,26.12,791.07,
2025-01-01T08:06:43+0000,50.09,14.04,5967.37,1420.04,26.968,23.02,34.19,
2025-01-01T08:38:21+0000,24.64,0.25,980.52,1251.96,23.276,20.85,24.38,
2025-01-01T09:06:26+0000,96.73,5.15,588.34,778.57,30.834,24.87,40.35,
2025-01-01T09:36:13+0000,87.82,0.73,555.43,783.38,29.184,25.63,32.89,
2025-01-01T10:06:10+0000,30.91,1.25,1330.31,260.92,26.218,22.01,31.88,
2025-01-01T10:38:11+0000,27.73,2.08,10129.68,548.67,25.558,21.43,28.04,
2025-01-01T11:05:40+0000,54.64,18.76,5694.23,1063.14,23.51,22.2,25.5,
2025-01-01T11:36:07+0000,88,0,640.18,708.98,32.594,28.03,34.96,
2025-01-01T12:07:34+0000,24.36,0.4,688.31,819.43,27.622,22.53,36.2,
2025-01-01T12:46:58+0000,39.18,0.4,7008.11,954.11,26.67,22.44,31.64,
2025-01-01T13:09:21+0000,21.91,1.9,5541.17,294.62,27.34,21.82,35.25,
2025-01-01T13:35:51+0000,24.09,0.78,1186.55,677.49,22.612,22.02,23.08,
2025-01-01T14:05:42+0000,37,2.44,765.23,403.02,24.698,21.72,28.33,
2025-01-01T14:37:31+0000,101.73,4.83,859.34,736.69,33.584,31.63,36.02,
2025-01-01T15:05:37+0000,22,1.52,5795.72,358.26,23.88,22.64,27.29,
2025-01-01T15:35:52+0000,24.45,0.67,5032.4,455.26,24.682,22.35,32.94,
2025-01-01T16:09:07+0000,48.55,16.94,7508.98,753.47,60.942,22.36,186.26,
2025-01-01T16:39:40+0000,89.36,1.33,658.28,702.17,29.19,26.92,32.63,
2025-01-01T17:06:38+0000,89.82,0.65,938.13,610.83,31.573999999999998,27.08,34.55,
2025-01-01T17:35:31+0000,49.91,8.19,6171.49,1070.35,25.962,22.24,31.64,
2025-01-01T18:07:20+0000,94.18,3.36,294.68,445.45,32.436,27.25,37.72,
2025-01-01T18:39:10+0000,64.64,13.22,7041.12,287.28,23.45,22.72,24.72,
2025-01-01T19:05:28+0000,40.73,10.57,6076.13,804.96,23.524,23.07,24.02,
2025-01-01T19:37:41+0000,98.91,10.21,658.96,649.94,50.248,26.58,84.6,
2025-01-01T20:05:51+0000,20.82,0.66,7440.22,951.12,23.71,22.59,25.09,
2025-01-01T20:35:29+0000,24.09,0.37,1217.2,872.77,23.486,21.77,25.98,
2025-01-01T21:05:55+0000,22,1.43,5389.85,395.29,27.896,22.32,39.0,
2025-01-01T21:35:11+0000,24.09,0.25,876.81,1132.58,23.084,22.37,23.99,
2025-01-01T22:05:44+0000,53.45,10.37,216.24,311.05,23.328,21.98,26.12,
2025-01-01T22:36:33+0000,22.36,0.59,6561.69,588.04,22.828,21.82,23.94,
2025-01-01T23:06:21+0000,32.91,2.22,1345.36,380.05,32.71,22.49,57.53,
2025-01-01T23:35:00+0000,23.91,0.36,1195.87,1470.07,24.016000000000002,21.35,29.53,
2025-01-02T00:13:43+0000,25.18,1.48,133.26,303.04,25.018,22.04,30.11,
2025-01-02T00:49:55+0000,34.82,3.62,6788.11,1365.52,23.22,21.99,24.47,
2025-01-02T02:28:08+0000,261.45,26.51,27.07,156.19,264.308,40.31,472.74,
2025-01-02T02:49:43+0000,98.18,5.26,409.18,598.95,36.992,30.76,48.88,
2025-01-02T03:10:09+0000,133.36,30.65,744.97,473.82,40.582,27.77,85.63,
2025-01-02T03:39:01+0000,23.73,0.74,1236.77,1328.78,27.558,23.52,38.82,
2025-01-02T04:09:18+0000,88.18,0.33,759.2,660.82,57.328,26.68,76.79,
2025-01-02T04:38:21+0000,24.09,0.31,895.65,829.6,26.34,22.14,36.82,
2025-01-02T05:06:14+0000,21.09,0.55,5924.24,1037.47,27.79,23.61,32.65,
2025-01-02T05:37:35+0000,54.91,17.48,5351.04,419.07,28.358,22.46,39.46,
2025-01-02T06:06:50+0000,38.36,25.59,5210.81,911.75,25.194,22.42,29.82,
2025-01-02T06:40:11+0000,33.18,2.98,5954.23,1137.06,24.098,22.85,25.7,
2025-01-02T07:06:06+0000,48.64,28.67,5502.23,310.93,27.214,24.74,30.63,
2025-01-02T07:35:43+0000,26.45,0.81,845.8,358.45,29.912000000000003,23.09,41.13,
2025-01-02T08:39:31+0000,90.91,1.75,931.56,753.56,32.564,28.05,36.8,
2025-01-02T09:06:51+0000,97.27,2.07,522.28,789.9,33.18,27.24,47.37,
2025-01-02T09:55:30+0000,102.73,5.21,878.62,677.36,259.76,28.48,1150.47,
2025-01-02T10:06:19+0000,25.55,2.64,4988.4,233.22,28.38,24.16,34.04,
2025-01-02T10:37:58+0000,24.45,0.87,1099.9,998.22,23.452,21.14,29.88,
2025-01-02T11:08:36+0000,98.45,4.46,405.67,512.36,57.334,27.2,79.09,
2025-01-02T11:37:05+0000,93.27,4.76,943.21,593.76,44.524,27.59,95.4,
2025-01-02T12:07:18+0000,28.91,3.28,1292.76,726.47,24.378,23.14,25.7,
2025-01-02T12:47:26+0000,22.64,1.02,5415.57,1032.66,28.484,22.05,42.79,
2025-01-02T13:10:02+0000,20.64,0.51,9330.19,893.15,31.504,22.62,36.74,
2025-01-02T13:36:59+0000,26.64,2,1180.13,405.47,29.074,24.93,39.34,
2025-01-02T14:07:02+0000,94.73,1.3,399.27,794.47,36.762,33.78,43.19,
2025-01-02T14:37:59+0000,107.82,7.7,870.1,750.6,35.994,28.76,43.66,
2025-01-02T15:07:36+0000,100.27,4.84,887.65,537.14,39.076,29.43,52.98,
2025-01-02T15:36:02+0000,24,0,911.23,830.68,27.7,23.68,33.37,
2025-01-02T16:08:41+0000,25.18,1.57,794.52,584.69,49.532,24.32,124.41,
2025-01-02T16:40:31+0000,95.64,5.11,493.39,802.97,31.508,27.61,35.15,
2025-01-02T17:05:59+0000,24.82,1.9,6735.93,959.47,26.882,22.96,29.55,
2025-01-02T18:07:20+0000,70.09,18.13,8227.19,133.44,32.044,22.49,49.83,
2025-01-02T18:17:01+0000,96.91,4.17,833.99,810.53,517.596,27.74,1228.38,
2025-01-02T18:40:08+0000,24,0.22,471.89,552.42,28.808,22.43,37.23,
2025-01-02T19:05:50+0000,25,0.39,975.8,641.99,27.846,23.02,39.4,
2025-01-02T19:35:45+0000,24.36,0.18,699.96,607.47,27.142,23.17,33.52,
2025-01-02T20:06:18+0000,37.64,10.79,5774.95,1175.3,26.096,22.41,30.93,
2025-01-02T21:05:48+0000,22.91,1.21,6612.55,1295.45,25.15,22.47,26.74,
2025-01-02T21:11:04+0000,88.73,0.48,706.59,695.19,443.87,29.69,1125.43,
2025-01-02T21:54:26+0000,88.73,1.26,354.91,556.64,251.598,28.95,1127.97,
2025-01-02T22:05:57+0000,39.82,74.37,5820.17,717.75,26.356,23.09,29.61,
2025-01-02T22:37:13+0000,24,0,853.1,912.52,26.65,22.22,33.52,
2025-01-02T23:08:05+0000,93.73,3.98,486.1,776.01,49.208,27.22,80.52,
2025-01-02T23:35:18+0000,20.36,0.5,6057.75,838.47,24.218,22.3,27.24,
2025-01-03T00:13:42+0000,23.82,0.04,638.81,615.13,25.106,22.61,29.94,
2025-01-03T00:50:40+0000,91.36,2.42,755.01,749.11,31.336000000000002,27.91,38.7,
2025-01-03T02:01:59+0000,101.91,9.82,668.89,762.08,370.932,39.67,680.29,
2025-01-03T02:49:35+0000,29.09,13.4,611.87,642.56,31.994,24.43,51.5,
2025-01-03T03:13:45+0000,23.73,0.34,730.99,786.59,72.22,30.55,125.13,
2025-01-03T03:39:17+0000,24,0,997.87,1060.28,26.916,23.49,31.96,
2025-01-03T04:06:54+0000,24.27,0.26,1221.06,1075.94,28.666,23.43,42.09,
2025-01-03T04:37:59+0000,24.27,0.05,1289.84,1024.97,23.852,21.49,29.62,
2025-01-03T05:05:56+0000,39.55,8.34,5923.21,1397.81,24.268,21.19,27.64,
2025-01-03T05:37:57+0000,93.64,6.63,935.53,845.15,32.418,29.43,36.6,
2025-01-03T06:07:12+0000,88.82,1.09,864.15,828.29,29.4,26.61,35.48,
2025-01-03T06:40:02+0000,22.45,1.13,7096.31,516.64,23.95,22.07,25.84,
2025-01-03T07:05:52+0000,26,0.82,1240.35,1010,24.632,22.67,28.09,
2025-01-03T07:56:45+0000,91.27,2.4,476.25,770.46,278.22,28.07,1217.38,
2025-01-03T08:07:03+0000,25.82,0.99,697.88,780.36,29.53,22.11,43.18,
2025-01-03T08:38:39+0000,22.18,2.19,5932.96,1579.42,26.032,21.21,33.33,
2025-01-03T09:35:57+0000,23.45,0.12,1260.33,361.17,27.76,22.58,36.88,
2025-01-03T09:45:03+0000,93.64,3.81,750.18,489.92,490.998,29.53,1204.66,
2025-01-03T10:06:07+0000,45.45,13.27,5185.55,349.19,26.788,23.62,30.88,
2025-01-03T10:39:17+0000,98.36,6.27,559.48,597.32,34.544,27.7,43.64,
2025-01-03T11:35:19+0000,35.18,7.97,5151.52,683.08,26.95,21.91,33.76,
2025-01-03T12:07:38+0000,42.82,3.87,1168.86,442.84,26.18,22.68,28.84,
2025-01-03T12:47:00+0000,24.36,0.91,1034.78,1225.18,27.402,22.54,37.19,
2025-01-03T13:32:40+0000,110.09,6,367.91,703.53,299.24800000000005,25.2,1259.16,
2025-01-03T13:36:58+0000,40.55,25.25,349.16,454.53,26.806,22.7,32.07,
2025-01-03T14:05:59+0000,23.18,1.6,5955.75,1240.01,28.446,23.12,31.69,
2025-01-03T14:37:52+0000,88.55,1.82,874.95,833.8,33.36,28.39,45.44,
2025-01-03T15:17:10+0000,113.36,3.17,812.48,468.77,157.026,33.63,596.78,
2025-01-03T15:36:34+0000,28.82,1.86,1369.7,561.14,33.65,22.45,45.15,
2025-01-03T16:08:56+0000,43.36,76.4,5243.41,1025.65,52.146,30.63,114.62,
2025-01-03T16:40:26+0000,89.91,0.92,133.45,765.92,31.732,28.05,37.53,
2025-01-03T17:09:06+0000,91.09,3.82,660.19,687.23,61.166000000000004,27.15,80.84,
2025-01-03T17:36:46+0000,93.73,2.54,665.77,738.27,34.918,32.73,38.08,
2025-01-03T18:26:49+0000,95.91,4.03,871.25,764.39,263.862,31.3,1136.44,
2025-01-03T19:01:01+0000,92.09,1.73,698.72,782.53,278.586,30.53,1263.65,
2025-01-03T19:27:22+0000,94.82,2.89,633.96,522.62,283.18600000000004,26.73,1195.64,
2025-01-03T19:35:49+0000,24.64,1.04,1277.27,215.87,30.726,23.85,39.12,
2025-01-03T20:06:22+0000,25.91,1.29,758.62,445.42,29.832,22.88,34.31,
2025-01-03T20:36:49+0000,99.09,3.42,867.54,792.3,34.756,28.49,48.77,
2025-01-03T21:05:44+0000,53.82,13.55,6139.73,839.04,25.83,22.84,31.82,
2025-01-03T21:35:49+0000,59.27,18.66,4622.52,957.85,31.622,23.96,45.28,
2025-01-03T22:06:18+0000,82.55,27.37,5770.11,1296.2,30.74,24.36,41.92,
2025-01-03T22:36:39+0000,25.64,1.06,1203.99,1469.58,23.974,20.64,34.43,
2025-01-03T23:07:04+0000,96.18,3.61,792.96,670.04,36.402,31.85,43.17,
2025-01-03T23:36:05+0000,24.45,0.55,1109.1,235.65,34.904,25.73,46.04,
2025-01-04T00:15:45+0000,223.73,20.67,167.11,113.26,49.424,28.63,80.72,
2025-01-04T01:32:59+0000,20.45,0.63,5497.26,1126.04,28.92,22.11,39.45,
2025-01-04T02:06:15+0000,24.18,0.86,684.64,893.02,26.71,24.06,30.09,
2025-01-04T02:47:56+0000,24,0.22,1280.08,1295.72,24.338,21.32,29.51,
2025-01-04T03:08:52+0000,35.09,5.88,238.13,442.01,33.224,22.25,48.06,
2025-01-04T03:38:46+0000,91.91,3.14,669.96,712.32,31.05,27.22,33.62,
2025-01-04T04:06:38+0000,24.18,2.44,5606.46,575.82,28.974,21.38,38.83,
2025-01-04T05:06:04+0000,27.45,7.91,6685.59,1122.79,29.668,23.07,36.43,
2025-01-04T05:19:58+0000,99.18,3.57,679.78,664.06,529.796,27.35,1213.21,
2025-01-04T05:55:46+0000,93.09,4.54,758.64,788.88,254.306,28.32,1067.2,
2025-01-04T06:06:22+0000,60.09,44.62,5194.26,1111.97,25.132,23.32,28.37,
2025-01-04T06:39:45+0000,90.09,3.2,932.65,805.03,28.118,24.11,35.16,
2025-01-04T07:05:49+0000,23.82,0.1,1635.56,1039.3,25.362,22.33,27.78,
2025-01-04T08:06:25+0000,24.45,0.97,1378.71,246.07,23.51,20.6,29.27,
2025-01-04T08:17:24+0000,88.27,0.83,448.5,800.34,529.6,23.98,1270.3,
2025-01-04T08:58:26+0000,93.45,1.8,582,550.55,268.964,27.17,1124.42,
2025-01-04T09:06:46+0000,106.27,13.11,927.25,768.26,31.372,27.07,33.14,
2025-01-04T09:35:25+0000,43.82,16.98,1503.47,847.35,26.952,22.42,30.3,
2025-01-04T10:05:30+0000,24.27,0.01,1304.01,1331.09,23.982,21.12,26.42,
2025-01-04T10:37:48+0000,23.73,0.2,939.98,1015.8,27.764,22.43,38.89,
2025-01-04T11:05:52+0000,75.27,6.53,5633.28,354.08,28.228,22.45,36.74,
2025-01-04T11:35:19+0000,45.55,20.26,5485.77,759.76,23.784,22.5,27.21,
2025-01-04T12:07:05+0000,33.82,3.95,976.3,860,27.032,22.69,29.74,
2025-01-04T12:46:15+0000,36.82,5.97,1396.99,795.61,24.054,23.06,25.95,
2025-01-04T13:08:43+0000,60.55,17.96,5277.89,1151.62,25.064,22.53,32.77,
2025-01-04T13:36:33+0000,23.09,1.88,4994.04,1205.16,36.403999999999996,21.78,52.4,
2025-01-04T14:06:37+0000,100.27,9.53,743.33,819.39,33.852000000000004,25.22,46.17,
2025-01-04T14:36:10+0000,32.09,3.09,862.16,330.34,25.632,22.28,30.6,
2025-01-04T15:05:37+0000,41.82,8.76,1188.79,1221.69,23.132,22.12,24.47,
2025-01-04T15:35:05+0000,23.09,1.6,8940.54,1401.33,24.542,21.01,37.64,
2025-01-04T16:06:08+0000,54.27,22.13,5879.3,1112.99,26.738,22.63,33.69,
2025-01-04T16:57:32+0000,90.27,1.39,375.86,597.21,255.12600000000003,24.17,1164.13,
2025-01-04T17:05:38+0000,21.45,0.79,7036.44,242.11,23.908,22.25,28.25,
2025-01-04T17:35:38+0000,89.09,0.83,588.81,831.58,29.288,26.82,32.74,
2025-01-04T18:07:03+0000,88.36,0.61,615.5,763.33,32.406,26.09,47.19,
2025-01-04T18:39:38+0000,88.45,0.69,692.37,817.67,33.24,25.98,41.85,
2025-01-04T19:06:26+0000,95.45,3.43,651.75,660.39,31.61,26.68,36.96,
2025-01-04T19:35:47+0000,35.09,3.28,1068.53,842.76,27.528,22.8,39.07,
2025-01-04T20:05:34+0000,24.27,1.19,5322.09,575.41,23.466,21.6,26.37,
2025-01-04T20:35:01+0000,22.91,1.59,7401.83,1050.35,22.288,20.84,24.21,
2025-01-04T21:06:37+0000,91.73,1.23,182.26,797.72,32.904,31.63,34.34,
2025-01-04T22:05:31+0000,21.73,1.14,6503.17,603.67,23.692,20.77,28.48,
2025-01-04T22:14:54+0000,87.73,0.14,437.02,544.82,499.782,27.77,1196.6,
2025-01-04T23:06:01+0000,22,3.24,6215.09,304.15,28.968,22.78,48.11,
2025-01-04T23:15:01+0000,90,1,832.84,858.49,489.12800000000004,29.54,1126.66,
2025-01-05T00:50:37+0000,87.82,1.27,543.64,740.83,27.56,25.15,34.44,
2025-01-05T01:33:56+0000,93.55,2.57,613.5,765.04,30.644,27.9,32.58,
2025-01-05T02:12:40+0000,91.18,2.46,713.7,739.51,29.964,26.88,35.23,
2025-01-05T02:50:47+0000,31.82,3.75,1061.32,570.33,25.456,23.6,27.38,
2025-01-05T03:12:51+0000,46.18,8.01,5941.8,377.92,23.754,22.24,25.01,
